{
    "description": "",
    "tags": [],
    "size": {
        "height": 480,
        "width": 640
    },
    "objects": [
        {
            "id": 490042162,
            "classId": 1625296,
            "description": "",
            "geometryType": "cuboid",
            "labelerLogin": "mukeshbaji007@gmail.com",
            "createdAt": "2020-07-22T12:51:48.900Z",
            "updatedAt": "2020-07-22T12:52:00.785Z",
            "tags": [],
            "classTitle": "car",
            "faces": [
                [
                    0,
                    1,
                    2,
                    3
                ],
                [
                    0,
                    4,
                    5,
                    1
                ],
                [
                    1,
                    5,
                    6,
                    2
                ]
            ],
            "points": [
                [
                    134.19388791758894,
                    192
                ],
                [
                    217.00509721886698,
                    192
                ],
                [
                    217.00509721886698,
                    295.5610527303772
                ],
                [
                    134.19388791758894,
                    295.5610527303772
                ],
                [
                    176,
                    157.7633262100811
                ],
                [
                    331.20580432942506,
                    157.7633262100811
                ],
                [
                    331.20580432942506,
                    308.21373260581
                ]
            ]
        }
    ]
}