{
    "description": "",
    "tags": [],
    "size": {
        "height": 480,
        "width": 640
    },
    "objects": [
        {
            "id": 490039218,
            "classId": 1625296,
            "description": "",
            "geometryType": "cuboid",
            "labelerLogin": "mukeshbaji007@gmail.com",
            "createdAt": "2020-07-22T11:36:51.845Z",
            "updatedAt": "2020-07-22T11:37:00.742Z",
            "tags": [],
            "classTitle": "car",
            "faces": [
                [
                    0,
                    1,
                    2,
                    3
                ],
                [
                    0,
                    4,
                    5,
                    1
                ],
                [
                    1,
                    5,
                    6,
                    2
                ]
            ],
            "points": [
                [
                    122.79251949876584,
                    182
                ],
                [
                    212.80441300945546,
                    182
                ],
                [
                    212.80441300945546,
                    294.4046386869945
                ],
                [
                    122.79251949876584,
                    294.4046386869945
                ],
                [
                    175,
                    153.98854087389387
                ],
                [
                    318.6054278729996,
                    153.98854087389387
                ],
                [
                    318.6054278729996,
                    311.05156606747755
                ]
            ]
        }
    ]
}