{
    "description": "",
    "tags": [],
    "size": {
        "height": 480,
        "width": 640
    },
    "objects": [
        {
            "id": 490042142,
            "classId": 1625296,
            "description": "",
            "geometryType": "cuboid",
            "labelerLogin": "mukeshbaji007@gmail.com",
            "createdAt": "2020-07-22T12:51:19.030Z",
            "updatedAt": "2020-07-22T12:51:28.852Z",
            "tags": [],
            "classTitle": "car",
            "faces": [
                [
                    0,
                    1,
                    2,
                    3
                ],
                [
                    0,
                    4,
                    5,
                    1
                ],
                [
                    1,
                    5,
                    6,
                    2
                ]
            ],
            "points": [
                [
                    135.3911739810892,
                    188
                ],
                [
                    208,
                    188
                ],
                [
                    208,
                    310.2022505478072
                ],
                [
                    135.3911739810892,
                    310.2022505478072
                ],
                [
                    187,
                    149.75186708397493
                ],
                [
                    321.7976396187793,
                    149.75186708397493
                ],
                [
                    321.7976396187793,
                    303.8149152094553
                ]
            ]
        }
    ]
}