{
    "description": "",
    "tags": [],
    "size": {
        "height": 480,
        "width": 640
    },
    "objects": [
        {
            "id": 490028640,
            "classId": 1625296,
            "description": "",
            "geometryType": "cuboid",
            "labelerLogin": "mukeshbaji007@gmail.com",
            "createdAt": "2020-07-22T11:01:23.947Z",
            "updatedAt": "2020-07-22T11:01:33.381Z",
            "tags": [],
            "classTitle": "car",
            "faces": [
                [
                    0,
                    1,
                    2,
                    3
                ],
                [
                    0,
                    4,
                    5,
                    1
                ],
                [
                    1,
                    5,
                    6,
                    2
                ]
            ],
            "points": [
                [
                    132.1972860635003,
                    183
                ],
                [
                    204,
                    183
                ],
                [
                    204,
                    301.79770358839943
                ],
                [
                    132.1972860635003,
                    301.79770358839943
                ],
                [
                    180,
                    158.99427043694695
                ],
                [
                    324.6088718212038,
                    158.99427043694695
                ],
                [
                    324.6088718212038,
                    320.4733017160445
                ]
            ]
        }
    ]
}