{
    "description": "",
    "tags": [],
    "size": {
        "height": 480,
        "width": 640
    },
    "objects": [
        {
            "id": 490042063,
            "classId": 1625296,
            "description": "",
            "geometryType": "cuboid",
            "labelerLogin": "mukeshbaji007@gmail.com",
            "createdAt": "2020-07-22T12:49:38.231Z",
            "updatedAt": "2020-07-22T12:49:48.206Z",
            "tags": [],
            "classTitle": "car",
            "faces": [
                [
                    0,
                    1,
                    2,
                    3
                ],
                [
                    0,
                    4,
                    5,
                    1
                ],
                [
                    1,
                    5,
                    6,
                    2
                ]
            ],
            "points": [
                [
                    130.2040594541764,
                    185
                ],
                [
                    216,
                    185
                ],
                [
                    216,
                    301.4045698913044
                ],
                [
                    130.2040594541764,
                    301.4045698913044
                ],
                [
                    178,
                    150.95989305862855
                ],
                [
                    319.3945721270005,
                    150.95989305862855
                ],
                [
                    319.3945721270005,
                    314.2538624790781
                ]
            ]
        }
    ]
}