{
    "description": "",
    "tags": [],
    "size": {
        "height": 480,
        "width": 640
    },
    "objects": [
        {
            "id": 490041930,
            "classId": 1625296,
            "description": "",
            "geometryType": "cuboid",
            "labelerLogin": "mukeshbaji007@gmail.com",
            "createdAt": "2020-07-22T12:47:11.513Z",
            "updatedAt": "2020-07-22T12:47:20.583Z",
            "tags": [],
            "classTitle": "car",
            "faces": [
                [
                    0,
                    1,
                    2,
                    3
                ],
                [
                    0,
                    4,
                    5,
                    1
                ],
                [
                    1,
                    5,
                    6,
                    2
                ]
            ],
            "points": [
                [
                    134.39457212700046,
                    191
                ],
                [
                    208,
                    191
                ],
                [
                    208,
                    308.41032238625417
                ],
                [
                    134.39457212700046,
                    308.41032238625417
                ],
                [
                    175,
                    159.57248892458665
                ],
                [
                    327.6071269459551,
                    159.57248892458665
                ],
                [
                    327.6071269459551,
                    322.06875475663674
                ]
            ]
        }
    ]
}