{
    "description": "",
    "tags": [],
    "size": {
        "height": 480,
        "width": 640
    },
    "objects": [
        {
            "id": 490042127,
            "classId": 1625296,
            "description": "",
            "geometryType": "cuboid",
            "labelerLogin": "mukeshbaji007@gmail.com",
            "createdAt": "2020-07-22T12:50:48.468Z",
            "updatedAt": "2020-07-22T12:51:01.139Z",
            "tags": [],
            "classTitle": "car",
            "faces": [
                [
                    0,
                    1,
                    2,
                    3
                ],
                [
                    0,
                    4,
                    5,
                    1
                ],
                [
                    1,
                    5,
                    6,
                    2
                ]
            ],
            "points": [
                [
                    131.39624829880964,
                    186
                ],
                [
                    212.40136841882315,
                    186
                ],
                [
                    212.40136841882315,
                    306.0229182522122
                ],
                [
                    131.39624829880964,
                    306.0229182522122
                ],
                [
                    180,
                    153.56675936153357
                ],
                [
                    329.80953312946883,
                    153.56675936153357
                ],
                [
                    329.80953312946883,
                    310.0401069413714
                ]
            ]
        }
    ]
}