{
    "description": "",
    "tags": [],
    "size": {
        "height": 480,
        "width": 640
    },
    "objects": [
        {
            "id": 490042224,
            "classId": 1625296,
            "description": "",
            "geometryType": "cuboid",
            "labelerLogin": "mukeshbaji007@gmail.com",
            "createdAt": "2020-07-22T12:53:26.145Z",
            "updatedAt": "2020-07-22T12:53:33.230Z",
            "tags": [],
            "classTitle": "car",
            "faces": [
                [
                    0,
                    1,
                    2,
                    3
                ],
                [
                    0,
                    4,
                    5,
                    1
                ],
                [
                    1,
                    5,
                    6,
                    2
                ]
            ],
            "points": [
                [
                    142,
                    199
                ],
                [
                    215,
                    199
                ],
                [
                    215,
                    332
                ],
                [
                    142,
                    332
                ],
                [
                    184,
                    165.5610527303772
                ],
                [
                    340.4166600754239,
                    165.5610527303772
                ],
                [
                    340.4166600754239,
                    310.5839939144861
                ]
            ]
        }
    ]
}