{
    "description": "",
    "tags": [],
    "size": {
        "height": 480,
        "width": 640
    },
    "objects": [
        {
            "id": 490039713,
            "classId": 1625296,
            "description": "",
            "geometryType": "cuboid",
            "labelerLogin": "mukeshbaji007@gmail.com",
            "createdAt": "2020-07-22T11:52:06.120Z",
            "updatedAt": "2020-07-22T11:52:15.626Z",
            "tags": [],
            "classTitle": "car",
            "faces": [
                [
                    0,
                    1,
                    2,
                    3
                ],
                [
                    0,
                    4,
                    5,
                    1
                ],
                [
                    1,
                    5,
                    6,
                    2
                ]
            ],
            "points": [
                [
                    126.3928501528984,
                    186
                ],
                [
                    218.2040823553229,
                    186
                ],
                [
                    218.2040823553229,
                    311.0343773783183
                ],
                [
                    126.3928501528984,
                    311.0343773783183
                ],
                [
                    175,
                    158.37019251298608
                ],
                [
                    326.0067962918225,
                    158.37019251298608
                ],
                [
                    326.0067962918225,
                    312.42182737615366
                ]
            ]
        }
    ]
}