{
    "description": "",
    "tags": [],
    "size": {
        "height": 480,
        "width": 640
    },
    "objects": [
        {
            "id": 490039695,
            "classId": 1625296,
            "description": "",
            "geometryType": "cuboid",
            "labelerLogin": "mukeshbaji007@gmail.com",
            "createdAt": "2020-07-22T11:51:35.905Z",
            "updatedAt": "2020-07-22T11:51:41.523Z",
            "tags": [],
            "classTitle": "car",
            "faces": [
                [
                    0,
                    1,
                    2,
                    3
                ],
                [
                    0,
                    4,
                    5,
                    1
                ],
                [
                    1,
                    5,
                    6,
                    2
                ]
            ],
            "points": [
                [
                    133,
                    185
                ],
                [
                    209,
                    185
                ],
                [
                    209,
                    303
                ],
                [
                    133,
                    303
                ],
                [
                    169,
                    160.37592207603913
                ],
                [
                    329.8060891812646,
                    160.37592207603913
                ],
                [
                    329.8060891812646,
                    319.85499921893006
                ]
            ]
        }
    ]
}