{
    "description": "",
    "tags": [],
    "size": {
        "height": 480,
        "width": 640
    },
    "objects": [
        {
            "id": 490041919,
            "classId": 1625296,
            "description": "",
            "geometryType": "cuboid",
            "labelerLogin": "mukeshbaji007@gmail.com",
            "createdAt": "2020-07-22T12:46:45.557Z",
            "updatedAt": "2020-07-22T12:46:55.051Z",
            "tags": [],
            "classTitle": "car",
            "faces": [
                [
                    0,
                    1,
                    2,
                    3
                ],
                [
                    0,
                    4,
                    5,
                    1
                ],
                [
                    1,
                    5,
                    6,
                    2
                ]
            ],
            "points": [
                [
                    132.9915046352217,
                    193
                ],
                [
                    211,
                    193
                ],
                [
                    211,
                    312
                ],
                [
                    132.9915046352217,
                    312
                ],
                [
                    175,
                    160.1679190332822
                ],
                [
                    324.4064656376901,
                    160.1679190332822
                ],
                [
                    324.4064656376901,
                    315.2367196537123
                ]
            ]
        }
    ]
}