{
    "description": "",
    "tags": [],
    "size": {
        "height": 480,
        "width": 640
    },
    "objects": [
        {
            "id": 490028345,
            "classId": 1625296,
            "description": "",
            "geometryType": "cuboid",
            "labelerLogin": "mukeshbaji007@gmail.com",
            "createdAt": "2020-07-22T10:53:27.833Z",
            "updatedAt": "2020-07-22T10:54:28.852Z",
            "tags": [],
            "classTitle": "car",
            "faces": [
                [
                    0,
                    1,
                    2,
                    3
                ],
                [
                    0,
                    4,
                    5,
                    1
                ],
                [
                    1,
                    5,
                    6,
                    2
                ]
            ],
            "points": [
                [
                    122.6546689606773,
                    184.57143829679976
                ],
                [
                    257.5323534239768,
                    184.57143829679976
                ],
                [
                    257.5323534239768,
                    304.2637331229904
                ],
                [
                    122.6546689606773,
                    304.2637331229904
                ],
                [
                    156.7194418724978,
                    155.9230969091069
                ],
                [
                    320.68344042207013,
                    155.9230969091069
                ],
                [
                    320.68344042207013,
                    308.1758076336737
                ]
            ]
        }
    ]
}