{
    "description": "",
    "tags": [],
    "size": {
        "height": 480,
        "width": 640
    },
    "objects": [
        {
            "id": 490042113,
            "classId": 1625296,
            "description": "",
            "geometryType": "cuboid",
            "labelerLogin": "mukeshbaji007@gmail.com",
            "createdAt": "2020-07-22T12:50:33.151Z",
            "updatedAt": "2020-07-22T12:50:42.670Z",
            "tags": [],
            "classTitle": "car",
            "faces": [
                [
                    0,
                    1,
                    2,
                    3
                ],
                [
                    0,
                    4,
                    5,
                    1
                ],
                [
                    1,
                    5,
                    6,
                    2
                ]
            ],
            "points": [
                [
                    133.7959176446771,
                    182
                ],
                [
                    209,
                    182
                ],
                [
                    209,
                    304.39884032825137
                ],
                [
                    133.7959176446771,
                    304.39884032825137
                ],
                [
                    178,
                    154.56675936153357
                ],
                [
                    329.0050972188669,
                    154.56675936153357
                ],
                [
                    329.0050972188669,
                    307.02291825221226
                ]
            ]
        }
    ]
}