{
    "description": "",
    "tags": [],
    "size": {
        "height": 480,
        "width": 640
    },
    "objects": [
        {
            "id": 490041925,
            "classId": 1625296,
            "description": "",
            "geometryType": "cuboid",
            "labelerLogin": "mukeshbaji007@gmail.com",
            "createdAt": "2020-07-22T12:47:00.147Z",
            "updatedAt": "2020-07-22T12:47:08.878Z",
            "tags": [],
            "classTitle": "car",
            "faces": [
                [
                    0,
                    1,
                    2,
                    3
                ],
                [
                    0,
                    4,
                    5,
                    1
                ],
                [
                    1,
                    5,
                    6,
                    2
                ]
            ],
            "points": [
                [
                    132.59183528935426,
                    192
                ],
                [
                    211,
                    192
                ],
                [
                    211,
                    308.60115967174863
                ],
                [
                    132.59183528935426,
                    308.60115967174863
                ],
                [
                    174,
                    158.37019251298608
                ],
                [
                    328.4098179813085,
                    158.37019251298608
                ],
                [
                    328.4098179813085,
                    313.44469976457253
                ]
            ]
        }
    ]
}