{
    "description": "",
    "tags": [],
    "size": {
        "height": 480,
        "width": 640
    },
    "objects": [
        {
            "id": 490039660,
            "classId": 1625296,
            "description": "",
            "geometryType": "cuboid",
            "labelerLogin": "mukeshbaji007@gmail.com",
            "createdAt": "2020-07-22T11:50:43.978Z",
            "updatedAt": "2020-07-22T11:50:56.390Z",
            "tags": [],
            "classTitle": "car",
            "faces": [
                [
                    0,
                    1,
                    2,
                    3
                ],
                [
                    0,
                    4,
                    5,
                    1
                ],
                [
                    1,
                    5,
                    6,
                    2
                ]
            ],
            "points": [
                [
                    129.99490278113302,
                    187
                ],
                [
                    208.00169907295566,
                    187
                ],
                [
                    208.00169907295566,
                    292.3816287071955
                ],
                [
                    129.99490278113302,
                    292.3816287071955
                ],
                [
                    181,
                    155.3759450079358
                ],
                [
                    320.0033981459113,
                    155.3759450079358
                ],
                [
                    320.0033981459113,
                    321.66991442838537
                ]
            ]
        }
    ]
}