{
    "description": "",
    "tags": [],
    "size": {
        "height": 480,
        "width": 640
    },
    "objects": [
        {
            "id": 490039719,
            "classId": 1625296,
            "description": "",
            "geometryType": "cuboid",
            "labelerLogin": "mukeshbaji007@gmail.com",
            "createdAt": "2020-07-22T11:52:20.488Z",
            "updatedAt": "2020-07-22T11:52:29.785Z",
            "tags": [],
            "classTitle": "car",
            "faces": [
                [
                    0,
                    1,
                    2,
                    3
                ],
                [
                    0,
                    4,
                    5,
                    1
                ],
                [
                    1,
                    5,
                    6,
                    2
                ]
            ],
            "points": [
                [
                    130.9932037081774,
                    190
                ],
                [
                    211,
                    190
                ],
                [
                    211,
                    306.994270436947
                ],
                [
                    130.9932037081774,
                    306.994270436947
                ],
                [
                    181,
                    160.7747853361872
                ],
                [
                    323.8010377646906,
                    160.7747853361872
                ],
                [
                    323.8010377646906,
                    317.44469976457253
                ]
            ]
        }
    ]
}