{
    "description": "",
    "tags": [],
    "size": {
        "height": 480,
        "width": 640
    },
    "objects": [
        {
            "id": 490042048,
            "classId": 1625296,
            "description": "",
            "geometryType": "cuboid",
            "labelerLogin": "mukeshbaji007@gmail.com",
            "createdAt": "2020-07-22T12:49:06.148Z",
            "updatedAt": "2020-07-22T12:49:27.600Z",
            "tags": [],
            "classTitle": "car",
            "faces": [
                [
                    0,
                    1,
                    2,
                    3
                ],
                [
                    0,
                    4,
                    5,
                    1
                ],
                [
                    1,
                    5,
                    6,
                    2
                ]
            ],
            "points": [
                [
                    122.39457212700049,
                    190
                ],
                [
                    203.39794737176533,
                    190
                ],
                [
                    203.39794737176533,
                    304.80911685071214
                ],
                [
                    122.39457212700049,
                    304.80911685071214
                ],
                [
                    172,
                    153.6183254290111
                ],
                [
                    324.0050972188669,
                    153.6183254290111
                ],
                [
                    324.0050972188669,
                    305.60691216669835
                ]
            ]
        }
    ]
}