{
    "description": "",
    "tags": [],
    "size": {
        "height": 480,
        "width": 640
    },
    "objects": [
        {
            "id": 490035832,
            "classId": 1625296,
            "description": "",
            "geometryType": "cuboid",
            "labelerLogin": "mukeshbaji007@gmail.com",
            "createdAt": "2020-07-22T11:02:07.882Z",
            "updatedAt": "2020-07-22T11:02:21.933Z",
            "tags": [],
            "classTitle": "car",
            "faces": [
                [
                    0,
                    1,
                    2,
                    3
                ],
                [
                    0,
                    4,
                    5,
                    1
                ],
                [
                    1,
                    5,
                    6,
                    2
                ]
            ],
            "points": [
                [
                    126.39287305404486,
                    180
                ],
                [
                    206,
                    180
                ],
                [
                    206,
                    295.2022505478072
                ],
                [
                    126.39287305404486,
                    295.2022505478072
                ],
                [
                    175,
                    155.98854087389387
                ],
                [
                    321.4047665647345,
                    155.98854087389387
                ],
                [
                    321.4047665647345,
                    310.86645834503616
                ]
            ]
        }
    ]
}