{
    "description": "",
    "tags": [],
    "size": {
        "height": 480,
        "width": 640
    },
    "objects": [
        {
            "id": 490042073,
            "classId": 1625296,
            "description": "",
            "geometryType": "cuboid",
            "labelerLogin": "mukeshbaji007@gmail.com",
            "createdAt": "2020-07-22T12:49:56.463Z",
            "updatedAt": "2020-07-22T12:50:01.506Z",
            "tags": [],
            "classTitle": "car",
            "faces": [
                [
                    0,
                    1,
                    2,
                    3
                ],
                [
                    0,
                    4,
                    5,
                    1
                ],
                [
                    1,
                    5,
                    6,
                    2
                ]
            ],
            "points": [
                [
                    137,
                    184
                ],
                [
                    211,
                    184
                ],
                [
                    211,
                    306
                ],
                [
                    137,
                    306
                ],
                [
                    178,
                    152.37021544488275
                ],
                [
                    332.8027368376463,
                    152.37021544488275
                ],
                [
                    332.8027368376463,
                    314.0458365044245
                ]
            ]
        }
    ]
}