{
    "description": "",
    "tags": [],
    "size": {
        "height": 480,
        "width": 640
    },
    "objects": [
        {
            "id": 490028569,
            "classId": 1625296,
            "description": "",
            "geometryType": "cuboid",
            "labelerLogin": "mukeshbaji007@gmail.com",
            "createdAt": "2020-07-22T10:59:20.688Z",
            "updatedAt": "2020-07-22T10:59:51.873Z",
            "tags": [],
            "classTitle": "car",
            "faces": [
                [
                    0,
                    1,
                    2,
                    3
                ],
                [
                    0,
                    4,
                    5,
                    1
                ],
                [
                    1,
                    5,
                    6,
                    2
                ]
            ],
            "points": [
                [
                    126.98640741635481,
                    185.22695343665956
                ],
                [
                    210.4030674917788,
                    185.22695343665956
                ],
                [
                    210.4030674917788,
                    297.79197402534635
                ],
                [
                    126.98640741635481,
                    297.79197402534635
                ],
                [
                    162.3197900158053,
                    159.60113673985194
                ],
                [
                    321.200707110558,
                    159.60113673985194
                ],
                [
                    321.200707110558,
                    315.6126417297515
                ]
            ]
        }
    ]
}