{
    "description": "",
    "tags": [],
    "size": {
        "height": 480,
        "width": 640
    },
    "objects": [
        {
            "id": 490039631,
            "classId": 1625296,
            "description": "",
            "geometryType": "cuboid",
            "labelerLogin": "mukeshbaji007@gmail.com",
            "createdAt": "2020-07-22T11:49:53.614Z",
            "updatedAt": "2020-07-22T11:50:02.754Z",
            "tags": [],
            "classTitle": "car",
            "faces": [
                [
                    0,
                    1,
                    2,
                    3
                ],
                [
                    0,
                    4,
                    5,
                    1
                ],
                [
                    1,
                    5,
                    6,
                    2
                ]
            ],
            "points": [
                [
                    126.39457212700054,
                    180
                ],
                [
                    209.20068420941158,
                    180
                ],
                [
                    209.20068420941158,
                    297.61261879785474
                ],
                [
                    126.39457212700054,
                    297.61261879785474
                ],
                [
                    178,
                    154.79197402534635
                ],
                [
                    323.00849536477824,
                    154.79197402534635
                ],
                [
                    323.00849536477824,
                    313.4675721529914
                ]
            ]
        }
    ]
}