{
    "description": "",
    "tags": [],
    "size": {
        "height": 480,
        "width": 640
    },
    "objects": [
        {
            "id": 490028595,
            "classId": 1625296,
            "description": "",
            "geometryType": "cuboid",
            "labelerLogin": "mukeshbaji007@gmail.com",
            "createdAt": "2020-07-22T11:00:05.554Z",
            "updatedAt": "2020-07-22T11:00:18.707Z",
            "tags": [],
            "classTitle": "car",
            "faces": [
                [
                    0,
                    1,
                    2,
                    3
                ],
                [
                    0,
                    4,
                    5,
                    1
                ],
                [
                    1,
                    5,
                    6,
                    2
                ]
            ],
            "points": [
                [
                    131.79421857172147,
                    195
                ],
                [
                    205,
                    195
                ],
                [
                    205,
                    300.0171886891592
                ],
                [
                    131.79421857172147,
                    300.0171886891592
                ],
                [
                    173.5323677359065,
                    161
                ],
                [
                    322.80783405651323,
                    161
                ],
                [
                    322.80783405651323,
                    311.4848525697373
                ]
            ]
        }
    ]
}