{
    "description": "",
    "tags": [],
    "size": {
        "height": 480,
        "width": 640
    },
    "objects": [
        {
            "id": 490042171,
            "classId": 1625296,
            "description": "",
            "geometryType": "cuboid",
            "labelerLogin": "mukeshbaji007@gmail.com",
            "createdAt": "2020-07-22T12:52:06.261Z",
            "updatedAt": "2020-07-22T12:52:14.741Z",
            "tags": [],
            "classTitle": "car",
            "faces": [
                [
                    0,
                    1,
                    2,
                    3
                ],
                [
                    0,
                    4,
                    5,
                    1
                ],
                [
                    1,
                    5,
                    6,
                    2
                ]
            ],
            "points": [
                [
                    135.19558699054457,
                    197
                ],
                [
                    216.80101486354408,
                    197
                ],
                [
                    216.80101486354408,
                    301.9828113108408
                ],
                [
                    135.19558699054457,
                    301.9828113108408
                ],
                [
                    176,
                    152.9656226216816
                ],
                [
                    328.8009919623976,
                    152.9656226216816
                ],
                [
                    328.8009919623976,
                    308.24235748917863
                ]
            ]
        }
    ]
}