{
    "description": "",
    "tags": [],
    "size": {
        "height": 480,
        "width": 640
    },
    "objects": [
        {
            "id": 490035851,
            "classId": 1625296,
            "description": "",
            "geometryType": "cuboid",
            "labelerLogin": "mukeshbaji007@gmail.com",
            "createdAt": "2020-07-22T11:02:26.722Z",
            "updatedAt": "2020-07-22T11:03:03.566Z",
            "tags": [],
            "classTitle": "car",
            "faces": [
                [
                    0,
                    1,
                    2,
                    3
                ],
                [
                    0,
                    4,
                    5,
                    1
                ],
                [
                    1,
                    5,
                    6,
                    2
                ]
            ],
            "points": [
                [
                    132.1955869905446,
                    182
                ],
                [
                    201,
                    182
                ],
                [
                    201,
                    300.60115967174863
                ],
                [
                    132.1955869905446,
                    300.60115967174863
                ],
                [
                    173,
                    155.3816745709889
                ],
                [
                    318.20575852713205,
                    155.3816745709889
                ],
                [
                    318.20575852713205,
                    306.44469976457253
                ]
            ]
        }
    ]
}