{
    "description": "",
    "tags": [],
    "size": {
        "height": 480,
        "width": 640
    },
    "objects": [
        {
            "id": 490028651,
            "classId": 1625296,
            "description": "",
            "geometryType": "cuboid",
            "labelerLogin": "mukeshbaji007@gmail.com",
            "createdAt": "2020-07-22T11:01:37.482Z",
            "updatedAt": "2020-07-22T11:01:45.900Z",
            "tags": [],
            "classTitle": "car",
            "faces": [
                [
                    0,
                    1,
                    2,
                    3
                ],
                [
                    0,
                    4,
                    5,
                    1
                ],
                [
                    1,
                    5,
                    6,
                    2
                ]
            ],
            "points": [
                [
                    128.79594054582367,
                    183
                ],
                [
                    203,
                    183
                ],
                [
                    203,
                    293.3816516390922
                ],
                [
                    128.79594054582367,
                    293.3816516390922
                ],
                [
                    178,
                    159.1851077224414
                ],
                [
                    325.20920247533627,
                    159.1851077224414
                ],
                [
                    325.20920247533627,
                    312.8492696558769
                ]
            ]
        }
    ]
}