{
    "description": "",
    "tags": [],
    "size": {
        "height": 480,
        "width": 640
    },
    "objects": [
        {
            "id": 490028621,
            "classId": 1625296,
            "description": "",
            "geometryType": "cuboid",
            "labelerLogin": "mukeshbaji007@gmail.com",
            "createdAt": "2020-07-22T11:00:50.202Z",
            "updatedAt": "2020-07-22T11:01:03.713Z",
            "tags": [],
            "classTitle": "car",
            "faces": [
                [
                    0,
                    1,
                    2,
                    3
                ],
                [
                    0,
                    4,
                    5,
                    1
                ],
                [
                    1,
                    5,
                    6,
                    2
                ]
            ],
            "points": [
                [
                    129.9932037081774,
                    189
                ],
                [
                    200.19898513645586,
                    189
                ],
                [
                    200.19898513645586,
                    301.1793781593883
                ],
                [
                    129.9932037081774,
                    301.1793781593883
                ],
                [
                    178,
                    154.7747853361872
                ],
                [
                    320.6071269459552,
                    154.7747853361872
                ],
                [
                    320.6071269459552,
                    312.0515660674775
                ]
            ]
        }
    ]
}