{
    "description": "",
    "tags": [],
    "size": {
        "height": 480,
        "width": 640
    },
    "objects": [
        {
            "id": 490041967,
            "classId": 1625296,
            "description": "",
            "geometryType": "cuboid",
            "labelerLogin": "mukeshbaji007@gmail.com",
            "createdAt": "2020-07-22T12:47:23.826Z",
            "updatedAt": "2020-07-22T12:47:29.488Z",
            "tags": [],
            "classTitle": "car",
            "faces": [
                [
                    0,
                    1,
                    2,
                    3
                ],
                [
                    0,
                    4,
                    5,
                    1
                ],
                [
                    1,
                    5,
                    6,
                    2
                ]
            ],
            "points": [
                [
                    132.19726316235375,
                    187
                ],
                [
                    205,
                    187
                ],
                [
                    205,
                    305.1793781593883
                ],
                [
                    132.19726316235375,
                    305.1793781593883
                ],
                [
                    175,
                    157.16789610138554
                ],
                [
                    330.64962667099303,
                    157.16789610138554
                ],
                [
                    330.64962667099303,
                    303
                ]
            ]
        }
    ]
}