{
    "description": "",
    "tags": [],
    "size": {
        "height": 480,
        "width": 640
    },
    "objects": [
        {
            "id": 490042135,
            "classId": 1625296,
            "description": "",
            "geometryType": "cuboid",
            "labelerLogin": "mukeshbaji007@gmail.com",
            "createdAt": "2020-07-22T12:51:05.938Z",
            "updatedAt": "2020-07-22T12:51:14.966Z",
            "tags": [],
            "classTitle": "car",
            "faces": [
                [
                    0,
                    1,
                    2,
                    3
                ],
                [
                    0,
                    4,
                    5,
                    1
                ],
                [
                    1,
                    5,
                    6,
                    2
                ]
            ],
            "points": [
                [
                    130.99490278113305,
                    186
                ],
                [
                    214,
                    186
                ],
                [
                    214,
                    302.9942704369469
                ],
                [
                    130.99490278113305,
                    302.9942704369469
                ],
                [
                    183,
                    153.56675936153354
                ],
                [
                    334.01019443773396,
                    153.56675936153354
                ],
                [
                    334.01019443773396,
                    304.22519173191614
                ]
            ]
        }
    ]
}