{
    "description": "",
    "tags": [],
    "size": {
        "height": 480,
        "width": 640
    },
    "objects": [
        {
            "id": 490039226,
            "classId": 1625296,
            "description": "",
            "geometryType": "cuboid",
            "labelerLogin": "mukeshbaji007@gmail.com",
            "createdAt": "2020-07-22T11:37:09.504Z",
            "updatedAt": "2020-07-22T11:37:18.211Z",
            "tags": [],
            "classTitle": "car",
            "faces": [
                [
                    0,
                    1,
                    2,
                    3
                ],
                [
                    0,
                    4,
                    5,
                    1
                ],
                [
                    1,
                    5,
                    6,
                    2
                ]
            ],
            "points": [
                [
                    126.39287305404486,
                    177
                ],
                [
                    200,
                    177
                ],
                [
                    200,
                    300
                ],
                [
                    126.39287305404486,
                    300
                ],
                [
                    179,
                    159.1965668485475
                ],
                [
                    320.804390108309,
                    159.1965668485475
                ],
                [
                    320.804390108309,
                    308.64699617617316
                ]
            ]
        }
    ]
}