{
    "description": "",
    "tags": [],
    "size": {
        "height": 480,
        "width": 640
    },
    "objects": [
        {
            "id": 490028611,
            "classId": 1625296,
            "description": "",
            "geometryType": "cuboid",
            "labelerLogin": "mukeshbaji007@gmail.com",
            "createdAt": "2020-07-22T11:00:28.001Z",
            "updatedAt": "2020-07-22T11:00:42.924Z",
            "tags": [],
            "classTitle": "car",
            "faces": [
                [
                    0,
                    1,
                    2,
                    3
                ],
                [
                    0,
                    4,
                    5,
                    1
                ],
                [
                    1,
                    5,
                    6,
                    2
                ]
            ],
            "points": [
                [
                    125.19386501644249,
                    185
                ],
                [
                    202.60372880004388,
                    185
                ],
                [
                    202.60372880004388,
                    299.40454695940775
                ],
                [
                    125.19386501644249,
                    299.40454695940775
                ],
                [
                    179.73305194531795,
                    160.99427043694692
                ],
                [
                    319.200661308265,
                    160.99427043694692
                ],
                [
                    319.200661308265,
                    312.25390834287145
                ]
            ]
        }
    ]
}