{
    "description": "",
    "tags": [],
    "size": {
        "height": 480,
        "width": 640
    },
    "objects": [
        {
            "id": 490028629,
            "classId": 1625296,
            "description": "",
            "geometryType": "cuboid",
            "labelerLogin": "mukeshbaji007@gmail.com",
            "createdAt": "2020-07-22T11:01:09.762Z",
            "updatedAt": "2020-07-22T11:01:19.145Z",
            "tags": [],
            "classTitle": "car",
            "faces": [
                [
                    0,
                    1,
                    2,
                    3
                ],
                [
                    0,
                    4,
                    5,
                    1
                ],
                [
                    1,
                    5,
                    6,
                    2
                ]
            ],
            "points": [
                [
                    136,
                    186
                ],
                [
                    204,
                    186
                ],
                [
                    204,
                    303
                ],
                [
                    136,
                    303
                ],
                [
                    181,
                    157.18510772244136
                ],
                [
                    321.80953312946883,
                    157.18510772244136
                ],
                [
                    321.80953312946883,
                    311.456135958782
                ]
            ]
        }
    ]
}