{
    "description": "",
    "tags": [],
    "size": {
        "height": 480,
        "width": 640
    },
    "objects": [
        {
            "id": 490039650,
            "classId": 1625296,
            "description": "",
            "geometryType": "cuboid",
            "labelerLogin": "mukeshbaji007@gmail.com",
            "createdAt": "2020-07-22T11:50:26.812Z",
            "updatedAt": "2020-07-22T11:50:39.236Z",
            "tags": [],
            "classTitle": "car",
            "faces": [
                [
                    0,
                    1,
                    2,
                    3
                ],
                [
                    0,
                    4,
                    5,
                    1
                ],
                [
                    1,
                    5,
                    6,
                    2
                ]
            ],
            "points": [
                [
                    122.78744518104531,
                    186
                ],
                [
                    202,
                    186
                ],
                [
                    202,
                    298.79197402534635
                ],
                [
                    122.78744518104531,
                    298.79197402534635
                ],
                [
                    178,
                    153.37594500793583
                ],
                [
                    321.8043901083089,
                    153.37594500793583
                ],
                [
                    321.8043901083089,
                    316.664207797229
                ]
            ]
        }
    ]
}