{
    "description": "",
    "tags": [],
    "size": {
        "height": 480,
        "width": 640
    },
    "objects": [
        {
            "id": 490042181,
            "classId": 1625296,
            "description": "",
            "geometryType": "cuboid",
            "labelerLogin": "mukeshbaji007@gmail.com",
            "createdAt": "2020-07-22T12:52:23.327Z",
            "updatedAt": "2020-07-22T12:52:33.074Z",
            "tags": [],
            "classTitle": "car",
            "faces": [
                [
                    0,
                    1,
                    2,
                    3
                ],
                [
                    0,
                    4,
                    5,
                    1
                ],
                [
                    1,
                    5,
                    6,
                    2
                ]
            ],
            "points": [
                [
                    143.20066130826507,
                    193
                ],
                [
                    218,
                    193
                ],
                [
                    218,
                    311.42175858046363
                ],
                [
                    143.20066130826507,
                    311.42175858046363
                ],
                [
                    178,
                    159.5667593615336
                ],
                [
                    334.80953312946883,
                    159.5667593615336
                ],
                [
                    334.80953312946883,
                    313.6355141181703
                ]
            ]
        }
    ]
}