{
    "description": "",
    "tags": [],
    "size": {
        "height": 480,
        "width": 640
    },
    "objects": [
        {
            "id": 490039701,
            "classId": 1625296,
            "description": "",
            "geometryType": "cuboid",
            "labelerLogin": "mukeshbaji007@gmail.com",
            "createdAt": "2020-07-22T11:51:49.283Z",
            "updatedAt": "2020-07-22T11:52:01.003Z",
            "tags": [],
            "classTitle": "car",
            "faces": [
                [
                    0,
                    1,
                    2,
                    3
                ],
                [
                    0,
                    4,
                    5,
                    1
                ],
                [
                    1,
                    5,
                    6,
                    2
                ]
            ],
            "points": [
                [
                    134,
                    188
                ],
                [
                    208,
                    188
                ],
                [
                    208,
                    305
                ],
                [
                    134,
                    305
                ],
                [
                    175,
                    158.96562262168163
                ],
                [
                    320,
                    158.96562262168163
                ],
                [
                    320,
                    318.04583650442447
                ]
            ]
        }
    ]
}