{
    "description": "",
    "tags": [],
    "size": {
        "height": 480,
        "width": 640
    },
    "objects": [
        {
            "id": 490028511,
            "classId": 1625296,
            "description": "",
            "geometryType": "cuboid",
            "labelerLogin": "mukeshbaji007@gmail.com",
            "createdAt": "2020-07-22T10:58:05.413Z",
            "updatedAt": "2020-07-22T10:58:24.564Z",
            "tags": [],
            "classTitle": "car",
            "faces": [
                [
                    0,
                    1,
                    2,
                    3
                ],
                [
                    0,
                    4,
                    5,
                    1
                ],
                [
                    1,
                    5,
                    6,
                    2
                ]
            ],
            "points": [
                [
                    128.20068420941158,
                    189
                ],
                [
                    201.39794737176533,
                    189
                ],
                [
                    201.39794737176533,
                    298.39886326014806
                ],
                [
                    128.20068420941158,
                    298.39886326014806
                ],
                [
                    188.14801294778633,
                    158.99427043694692
                ],
                [
                    319.9796111245321,
                    158.99427043694692
                ],
                [
                    319.9796111245321,
                    302.431478933723
                ]
            ]
        }
    ]
}