{
    "description": "",
    "tags": [],
    "size": {
        "height": 480,
        "width": 640
    },
    "objects": [
        {
            "id": 490042153,
            "classId": 1625296,
            "description": "",
            "geometryType": "cuboid",
            "labelerLogin": "mukeshbaji007@gmail.com",
            "createdAt": "2020-07-22T12:51:35.620Z",
            "updatedAt": "2020-07-22T12:51:43.368Z",
            "tags": [],
            "classTitle": "car",
            "faces": [
                [
                    0,
                    1,
                    2,
                    3
                ],
                [
                    0,
                    4,
                    5,
                    1
                ],
                [
                    1,
                    5,
                    6,
                    2
                ]
            ],
            "points": [
                [
                    135,
                    189
                ],
                [
                    212,
                    189
                ],
                [
                    212,
                    303
                ],
                [
                    135,
                    303
                ],
                [
                    175,
                    157.16218947022912
                ],
                [
                    333.40306749177876,
                    157.16218947022912
                ],
                [
                    333.40306749177876,
                    312.6412666131201
                ]
            ]
        }
    ]
}