{
    "description": "",
    "tags": [],
    "size": {
        "height": 480,
        "width": 640
    },
    "objects": [
        {
            "id": 490042230,
            "classId": 1625296,
            "description": "",
            "geometryType": "cuboid",
            "labelerLogin": "mukeshbaji007@gmail.com",
            "createdAt": "2020-07-22T12:53:38.934Z",
            "updatedAt": "2020-07-22T12:53:56.477Z",
            "tags": [],
            "classTitle": "car",
            "faces": [
                [
                    0,
                    1,
                    2,
                    3
                ],
                [
                    0,
                    4,
                    5,
                    1
                ],
                [
                    1,
                    5,
                    6,
                    2
                ]
            ],
            "points": [
                [
                    145.1989851364559,
                    210
                ],
                [
                    220.00169907295566,
                    210
                ],
                [
                    220.00169907295566,
                    328.0343773783183
                ],
                [
                    145.1989851364559,
                    328.0343773783183
                ],
                [
                    174.20068420941158,
                    169.19083728549447
                ],
                [
                    339.8061349835576,
                    169.19083728549447
                ],
                [
                    339.8061349835576,
                    310.9942704369469
                ]
            ]
        }
    ]
}