{
    "description": "",
    "tags": [],
    "size": {
        "height": 480,
        "width": 640
    },
    "objects": [
        {
            "id": 490039608,
            "classId": 1625296,
            "description": "",
            "geometryType": "cuboid",
            "labelerLogin": "mukeshbaji007@gmail.com",
            "createdAt": "2020-07-22T11:49:27.428Z",
            "updatedAt": "2020-07-22T11:49:35.664Z",
            "tags": [],
            "classTitle": "car",
            "faces": [
                [
                    0,
                    1,
                    2,
                    3
                ],
                [
                    0,
                    4,
                    5,
                    1
                ],
                [
                    1,
                    5,
                    6,
                    2
                ]
            ],
            "points": [
                [
                    122.79421857172147,
                    181
                ],
                [
                    201,
                    181
                ],
                [
                    201,
                    301.80911685071214
                ],
                [
                    122.79421857172147,
                    301.80911685071214
                ],
                [
                    174,
                    155.38167457098888
                ],
                [
                    320.8077882542203,
                    155.38167457098888
                ],
                [
                    320.8077882542203,
                    310.45613595878194
                ]
            ]
        }
    ]
}