{
    "description": "",
    "tags": [],
    "size": {
        "height": 480,
        "width": 640
    },
    "objects": [
        {
            "id": 490041985,
            "classId": 1625296,
            "description": "",
            "geometryType": "cuboid",
            "labelerLogin": "mukeshbaji007@gmail.com",
            "createdAt": "2020-07-22T12:47:35.948Z",
            "updatedAt": "2020-07-22T12:47:46.746Z",
            "tags": [],
            "classTitle": "car",
            "faces": [
                [
                    0,
                    1,
                    2,
                    3
                ],
                [
                    0,
                    4,
                    5,
                    1
                ],
                [
                    1,
                    5,
                    6,
                    2
                ]
            ],
            "points": [
                [
                    133.19898513645592,
                    190
                ],
                [
                    208,
                    190
                ],
                [
                    208,
                    309.7977494521928
                ],
                [
                    133.19898513645592,
                    309.7977494521928
                ],
                [
                    178,
                    145.15070741222632
                ],
                [
                    325.200707110558,
                    145.15070741222632
                ],
                [
                    325.200707110558,
                    316.04583650442447
                ]
            ]
        }
    ]
}