{
    "description": "",
    "tags": [],
    "size": {
        "height": 480,
        "width": 640
    },
    "objects": [
        {
            "id": 490042186,
            "classId": 1625296,
            "description": "",
            "geometryType": "cuboid",
            "labelerLogin": "mukeshbaji007@gmail.com",
            "createdAt": "2020-07-22T12:52:39.020Z",
            "updatedAt": "2020-07-22T12:52:49.115Z",
            "tags": [],
            "classTitle": "car",
            "faces": [
                [
                    0,
                    1,
                    2,
                    3
                ],
                [
                    0,
                    4,
                    5,
                    1
                ],
                [
                    1,
                    5,
                    6,
                    2
                ]
            ],
            "points": [
                [
                    140.1972860635003,
                    198
                ],
                [
                    213.8027139364998,
                    198
                ],
                [
                    213.8027139364998,
                    313.0286478152653
                ],
                [
                    140.1972860635003,
                    313.0286478152653
                ],
                [
                    189,
                    159.1564599071761
                ],
                [
                    330.2023603812207,
                    159.1564599071761
                ],
                [
                    330.2023603812207,
                    306
                ]
            ]
        }
    ]
}