{
    "description": "",
    "tags": [],
    "size": {
        "height": 480,
        "width": 640
    },
    "objects": [
        {
            "id": 490042239,
            "classId": 1625296,
            "description": "",
            "geometryType": "cuboid",
            "labelerLogin": "mukeshbaji007@gmail.com",
            "createdAt": "2020-07-22T12:54:02.959Z",
            "updatedAt": "2020-07-22T12:54:23.517Z",
            "tags": [],
            "classTitle": "car",
            "faces": [
                [
                    0,
                    1,
                    2,
                    3
                ],
                [
                    0,
                    4,
                    5,
                    1
                ],
                [
                    1,
                    5,
                    6,
                    2
                ]
            ],
            "points": [
                [
                    143.1955869905446,
                    210
                ],
                [
                    224.6003306541325,
                    210
                ],
                [
                    224.6003306541325,
                    319.78051489924025
                ],
                [
                    143.1955869905446,
                    319.78051489924025
                ],
                [
                    184,
                    168.56675936153357
                ],
                [
                    341.215952964866,
                    168.56675936153357
                ],
                [
                    341.215952964866,
                    295.5725118564833
                ]
            ]
        }
    ]
}