{
    "description": "",
    "tags": [],
    "size": {
        "height": 480,
        "width": 640
    },
    "objects": [
        {
            "id": 490039644,
            "classId": 1625296,
            "description": "",
            "geometryType": "cuboid",
            "labelerLogin": "mukeshbaji007@gmail.com",
            "createdAt": "2020-07-22T11:50:11.395Z",
            "updatedAt": "2020-07-22T11:50:20.541Z",
            "tags": [],
            "classTitle": "car",
            "faces": [
                [
                    0,
                    1,
                    2,
                    3
                ],
                [
                    0,
                    4,
                    5,
                    1
                ],
                [
                    1,
                    5,
                    6,
                    2
                ]
            ],
            "points": [
                [
                    125.79251949876584,
                    181
                ],
                [
                    203,
                    181
                ],
                [
                    203,
                    303.59543010869555
                ],
                [
                    125.79251949876584,
                    303.59543010869555
                ],
                [
                    175,
                    151.56678229343024
                ],
                [
                    319.6054736752926,
                    151.56678229343024
                ],
                [
                    319.6054736752926,
                    306.02291825221226
                ]
            ]
        }
    ]
}