{
    "description": "",
    "tags": [],
    "size": {
        "height": 480,
        "width": 640
    },
    "objects": [
        {
            "id": 490039729,
            "classId": 1625296,
            "description": "",
            "geometryType": "cuboid",
            "labelerLogin": "mukeshbaji007@gmail.com",
            "createdAt": "2020-07-22T11:52:57.697Z",
            "updatedAt": "2020-07-22T11:53:33.806Z",
            "tags": [],
            "classTitle": "car",
            "faces": [
                [
                    0,
                    1,
                    2,
                    3
                ],
                [
                    0,
                    4,
                    5,
                    1
                ],
                [
                    1,
                    5,
                    6,
                    2
                ]
            ],
            "points": [
                [
                    135,
                    186
                ],
                [
                    212,
                    186
                ],
                [
                    212,
                    300
                ],
                [
                    135,
                    300
                ],
                [
                    177,
                    163.37594500793583
                ],
                [
                    324.60202972708817,
                    163.37594500793583
                ],
                [
                    324.60202972708817,
                    327.2710511682373
                ]
            ]
        }
    ]
}