{
    "description": "",
    "tags": [],
    "size": {
        "height": 480,
        "width": 640
    },
    "objects": [
        {
            "id": 490039685,
            "classId": 1625296,
            "description": "",
            "geometryType": "cuboid",
            "labelerLogin": "mukeshbaji007@gmail.com",
            "createdAt": "2020-07-22T11:51:19.037Z",
            "updatedAt": "2020-07-22T11:51:28.928Z",
            "tags": [],
            "classTitle": "car",
            "faces": [
                [
                    0,
                    1,
                    2,
                    3
                ],
                [
                    0,
                    4,
                    5,
                    1
                ],
                [
                    1,
                    5,
                    6,
                    2
                ]
            ],
            "points": [
                [
                    129.9932037081774,
                    183
                ],
                [
                    209.0016990729556,
                    183
                ],
                [
                    209.0016990729556,
                    300.9885408738939
                ],
                [
                    129.9932037081774,
                    300.9885408738939
                ],
                [
                    176,
                    159.7748082680839
                ],
                [
                    326.6071269459551,
                    159.7748082680839
                ],
                [
                    326.6071269459551,
                    312.23094422686586
                ]
            ]
        }
    ]
}