{
    "description": "",
    "tags": [],
    "size": {
        "height": 480,
        "width": 640
    },
    "objects": [
        {
            "id": 490039671,
            "classId": 1625296,
            "description": "",
            "geometryType": "cuboid",
            "labelerLogin": "mukeshbaji007@gmail.com",
            "createdAt": "2020-07-22T11:51:03.462Z",
            "updatedAt": "2020-07-22T11:51:11.641Z",
            "tags": [],
            "classTitle": "car",
            "faces": [
                [
                    0,
                    1,
                    2,
                    3
                ],
                [
                    0,
                    4,
                    5,
                    1
                ],
                [
                    1,
                    5,
                    6,
                    2
                ]
            ],
            "points": [
                [
                    136,
                    183
                ],
                [
                    203,
                    183
                ],
                [
                    203,
                    294
                ],
                [
                    136,
                    294
                ],
                [
                    171,
                    158.1851077224414
                ],
                [
                    320.0016990729556,
                    158.1851077224414
                ],
                [
                    320.0016990729556,
                    309.4619343175251
                ]
            ]
        }
    ]
}