{
    "description": "",
    "tags": [],
    "size": {
        "height": 480,
        "width": 640
    },
    "objects": [
        {
            "id": 490039618,
            "classId": 1625296,
            "description": "",
            "geometryType": "cuboid",
            "labelerLogin": "mukeshbaji007@gmail.com",
            "createdAt": "2020-07-22T11:49:40.740Z",
            "updatedAt": "2020-07-22T11:49:49.743Z",
            "tags": [],
            "classTitle": "car",
            "faces": [
                [
                    0,
                    1,
                    2,
                    3
                ],
                [
                    0,
                    4,
                    5,
                    1
                ],
                [
                    1,
                    5,
                    6,
                    2
                ]
            ],
            "points": [
                [
                    129.99490278113308,
                    182
                ],
                [
                    205,
                    182
                ],
                [
                    205,
                    301.1965209847541
                ],
                [
                    129.99490278113308,
                    301.1965209847541
                ],
                [
                    178,
                    151.78051489924025
                ],
                [
                    323.00509721886704,
                    151.78051489924025
                ],
                [
                    323.00509721886704,
                    316.06302519358366
                ]
            ]
        }
    ]
}