{
    "description": "",
    "tags": [],
    "size": {
        "height": 480,
        "width": 640
    },
    "objects": [
        {
            "id": 490042104,
            "classId": 1625296,
            "description": "",
            "geometryType": "cuboid",
            "labelerLogin": "mukeshbaji007@gmail.com",
            "createdAt": "2020-07-22T12:50:12.878Z",
            "updatedAt": "2020-07-22T12:50:26.975Z",
            "tags": [],
            "classTitle": "car",
            "faces": [
                [
                    0,
                    1,
                    2,
                    3
                ],
                [
                    0,
                    4,
                    5,
                    1
                ],
                [
                    1,
                    5,
                    6,
                    2
                ]
            ],
            "points": [
                [
                    136.00509721886698,
                    184.22697636855622
                ],
                [
                    220.40306749177876,
                    184.22697636855622
                ],
                [
                    220.40306749177876,
                    299.0114591261061
                ],
                [
                    136.00509721886698,
                    299.0114591261061
                ],
                [
                    178,
                    156.97708174778776
                ],
                [
                    327.20410525646935,
                    156.97708174778776
                ],
                [
                    327.20410525646935,
                    296
                ]
            ]
        }
    ]
}