{
    "description": "",
    "tags": [],
    "size": {
        "height": 480,
        "width": 640
    },
    "objects": [
        {
            "id": 490042216,
            "classId": 1625296,
            "description": "",
            "geometryType": "cuboid",
            "labelerLogin": "mukeshbaji007@gmail.com",
            "createdAt": "2020-07-22T12:52:56.128Z",
            "updatedAt": "2020-07-22T12:53:20.079Z",
            "tags": [],
            "classTitle": "car",
            "faces": [
                [
                    0,
                    1,
                    2,
                    3
                ],
                [
                    0,
                    4,
                    5,
                    1
                ],
                [
                    1,
                    5,
                    6,
                    2
                ]
            ],
            "points": [
                [
                    133.99660185408865,
                    209.0171886891592
                ],
                [
                    212,
                    209.0171886891592
                ],
                [
                    212,
                    319.1851077224414
                ],
                [
                    133.99660185408865,
                    319.1851077224414
                ],
                [
                    183.79931579058842,
                    164.3816745709889
                ],
                [
                    336.80783405651323,
                    164.3816745709889
                ],
                [
                    336.80783405651323,
                    305.4045698913044
                ]
            ]
        }
    ]
}