{
    "description": "",
    "tags": [],
    "size": {
        "height": 480,
        "width": 640
    },
    "objects": [
        {
            "id": 490039723,
            "classId": 1625296,
            "description": "",
            "geometryType": "cuboid",
            "labelerLogin": "mukeshbaji007@gmail.com",
            "createdAt": "2020-07-22T11:52:34.573Z",
            "updatedAt": "2020-07-22T11:52:43.904Z",
            "tags": [],
            "classTitle": "car",
            "faces": [
                [
                    0,
                    1,
                    2,
                    3
                ],
                [
                    0,
                    4,
                    5,
                    1
                ],
                [
                    1,
                    5,
                    6,
                    2
                ]
            ],
            "points": [
                [
                    130.79084332695666,
                    188
                ],
                [
                    210.1989622353094,
                    188
                ],
                [
                    210.1989622353094,
                    302.7805148992403
                ],
                [
                    130.79084332695666,
                    302.7805148992403
                ],
                [
                    177,
                    160.17364859633528
                ],
                [
                    327.20405945417633,
                    160.17364859633528
                ],
                [
                    327.20405945417633,
                    306.6125958659581
                ]
            ]
        }
    ]
}