{
    "description": "",
    "tags": [],
    "size": {
        "height": 480,
        "width": 640
    },
    "objects": [
        {
            "id": 490028668,
            "classId": 1625296,
            "description": "",
            "geometryType": "cuboid",
            "labelerLogin": "mukeshbaji007@gmail.com",
            "createdAt": "2020-07-22T11:01:53.028Z",
            "updatedAt": "2020-07-22T11:02:03.404Z",
            "tags": [],
            "classTitle": "car",
            "faces": [
                [
                    0,
                    1,
                    2,
                    3
                ],
                [
                    0,
                    4,
                    5,
                    1
                ],
                [
                    1,
                    5,
                    6,
                    2
                ]
            ],
            "points": [
                [
                    127,
                    182
                ],
                [
                    203.00169907295566,
                    182
                ],
                [
                    203.00169907295566,
                    294.39308783330165
                ],
                [
                    127,
                    294.39308783330165
                ],
                [
                    176,
                    152.9828113108408
                ],
                [
                    326.0050972188669,
                    152.9828113108408
                ],
                [
                    326.0050972188669,
                    311.6641619334356
                ]
            ]
        }
    ]
}